nels,ndofs,h1,l2,tmp
42304,63633,0.030027769244331218,0.022104603746385787,0.017012458485978977
338432,479791,0.007783705954733245,0.005520812317369708,0.00414610296484828
2707456,3723419,0.001986026088807803,0.001379614772249886,0.0010277395234852393
21659648,29332019,0.0005029950643739804,0.0003460754468458197,0.00025728992698619344
