nels,ndofs,h1,l2,tmp
42304,8904,0.19074450628067272,0.061601179347481494,0.0771320425007365
338432,63633,0.09772691325896848,0.01774041695209038,0.022060430983147652
2707456,479791,0.04968480085274105,0.004769020500406827,0.005935600052065322
21659648,3723419,0.025033488263726957,0.001228180439314954,0.0015388222601368411
