nels,ndofs,h1,l2,tmp
42304,63633,0.016306760165288467,0.002579000082557278,0.0014088347563451817
338432,479791,0.004611864041810286,0.0003531611995544394,0.0001711607943893709
2707456,3723419,0.0012250937872747734,4.6380376296569316e-05,2.083356701683958e-05
21659648,29332019,0.0003178455465537936,3.689318077907139e-05,2.8148519246948033e-05
