nels,ndofs,h1,l2,tmp
42304,8904,0.1907445062806727,0.06160117934748165,0.07713204250073659
338432,63633,0.09772691151855765,0.01774040736486482,0.022060431666556184
2707456,479791,0.04968479094928795,0.004768917321842437,0.0059356056700514085
21659648,3723419,0.02503348604161933,0.001228135137684113,0.0015388345254594349
