nels,ndofs,h1,h1semi,l2,jump
224,157,0.34896502914787647,0.34797190250640864,0.026308679827173234,0.02236162004261929
896,537,0.17195096975007343,0.17183240748168846,0.006384335285496628,0.006168237647674332
3584,1969,0.08564972977473541,0.08563502622031509,0.0015869766006922396,0.0015888124378285612
14336,7521,0.04277484306300834,0.04277300551424575,0.0003964824627840218,0.00040259442292879977
57344,29377,0.02137551970248858,0.021375290046500774,9.908571765116516e-05,0.00010149160035452562
