nels,ndofs,h1,h1semi,l2,jump
224,537,0.05415705554367016,0.05414881714666719,0.0009445987386060449,0.00240531345711117
896,1969,0.013621994362129701,0.01362166286268427,9.503292724922434e-05,0.0003250727532397144
3584,7521,0.003466122295159796,0.003466104035210381,1.1250871171917356e-05,4.2217373563515e-05
14336,29377,0.0008766735433757884,0.0008766724328601301,1.3953917589396534e-06,5.390427888376995e-06
57344,116097,0.00022054295794857558,0.00022054288882273487,1.7461509098020028e-07,6.816916302319523e-07
