nels,ndofs,h1,h1semi,l2,jump
224,1141,0.006520561788848737,0.0065198017191291325,9.955694568959179e-05,0.0002406493271638731
896,4297,0.0008827259498302099,0.0008826884241376445,8.139311828902126e-06,2.0374622098069214e-05
3584,16657,0.00011740003243470493,0.00011739891448415353,5.123413043845737e-07,1.3246184382671586e-06
14336,65569,1.512522438320384e-05,1.5125190455844082e-05,3.203617809826311e-08,8.149927606277039e-08
57344,260161,1.917762173362861e-06,1.9177611256370065e-06,2.0046388517932976e-09,4.991113163027856e-09
