nels,ndofs,h1,h1semi,l2,jump
224,537,0.060847824263103964,0.06070192124244332,0.0042112320085447505,0.01245971619533926
896,1969,0.01480729195658441,0.014771949275260538,0.0010224527845622293,0.002981489290903674
3584,7521,0.0037044993764390006,0.003695768397151565,0.0002541880891243665,0.0007363730461239369
14336,29377,0.0009297115430869078,0.0009275430971189023,6.346145551524706e-05,0.00018349830844078537
57344,116097,0.00023307443355592163,0.0002325341869216956,1.5860122637598384e-05,4.5837372952428965e-05
