nels,ndofs,h1,h1semi,l2,jump
224,1141,0.03886559430964653,0.038670426545375336,0.003890055506128261,0.014740485008856554
896,4297,0.013469400342993147,0.013432180131978957,0.001000641045477184,0.003705363030391149
3584,16657,0.004714525297784781,0.004707764908401932,0.000252385321823631,0.0009297107343423055
14336,65569,0.001656573893407696,0.0016553644534885135,6.328973413285476e-05,0.0002329092181348952
57344,260161,0.0005836471789068039,0.0005834321430758994,1.584183927875795e-05,5.829088814362037e-05
