nels,ndofs,h1,h1semi,l2,jump
224,157,0.34896502914787647,0.34797190250640864,0.026308679827173234,0.0223616200426193
896,537,0.1719509697500734,0.17183240748168846,0.006384335285496626,0.006168237647674271
3584,1969,0.08564972977473538,0.08563502622031507,0.0015869766006921945,0.0015888124378283777
14336,7521,0.0427748430630082,0.042773005514245614,0.0003964824627840826,0.00040259442292871894
57344,29377,0.02137551970248858,0.021375290046500774,9.908571765127401e-05,0.0001014916003548242
